主人公的红色！,主角的红色!
红色也有各种各样的东西,代表世界上也有很多种红色
贯彻自己的信念！,要贯彻自己的信念!
追加的自主锻炼,额外的自主训练
不能落后于流行啊,那我们可不能跟不上潮流呢
不，现在流行的是CD（cool down）！,不对，现在的流行是CD（缓和运动）！
舞蹈课,舞蹈练习
应该更加全力以赴,应该要更全力以赴
应该试着长时间保持,应该要长时间维持动作
小金船的！唐突的过去篇！,阿船的突然追忆过去篇!
再现一下当时的汤怎么样？,试着重现当时的汤头吧?
去那个时候的地方看看怎么样？,到当时的地方再看看吧?
特别的朋友？,珍藏的好朋友?
蔬菜最好吃,还是要吃蔬菜比较好
想做就做吧,照你想做的去做就好
幸运七,幸运7
孤高一人○,喜欢独处○
孤高一人◎,喜欢独处◎
为了保持体重,为了维持体重
坚持到比赛结束,乖乖忍耐到比赛结束
只跑吃的量就没问题,用跑步消耗多吃的部分就行了
有点想去的很棒的地方,想稍微绕去的美好场所
老老实实地走回去,乖乖走路回去
劝说换乘公共汽车回去,说服她转乘巴土坐回去
请保重！,保重身体!
練習上手○,擅长练习○
練習上手◎,擅长练习◎
練習下手,不擅练习
钻石的讲究,光钻的坚持
尽量老实点吧……,我们就尽量安分地等待吧……
会不会发生不幸，去确认一下吧！,我们去确认会不会发生不幸事件吧!
新年的抱负,新年抱负
增强能跑长途的力量吧！,锻炼出可以长距离奔跑的实力吧
今后一起考虑吧,接下来一起来思考吧
去巨蛋巡演吧！,来办巨蛋巡回吧！
小金船流约会,阿船流约会
我去买点饮料来,我去买饮料吧
延长赛！要做到胜利！,比延长赛！比到我赢为止！
掉的东西是？,掉了什么？
钢铁制的食品样品,钢铁制的食物样品
适配7G的超快速智能手机,支援7G的超快速手机
人情不为人,好心终会有好报
不快点治好的话,你要快点好起来喔
我可不能输给这种精神啊！,你可要比她还有活力才行喔!
一起打西瓜吧,一起玩劈西瓜
一起远游吧,一起长泳
只有你是绝对的,面对你时我绝不放弃
好难啊，最喜欢了！,最喜欢困难的事情！
好，试试看！,好，那就试试看吧！
先看看情况吧,稍微先确认一下情况吧
逃马踌躇,使领头迟疑
先马踌躇,使前列迟疑
差马踌躇,使居中迟疑
追马踌躇,使后追迟疑
吃了再确认魅力吧,先透过吃，重新了解它的魅力吧
掌握烹饪技巧吧,学习料理的技巧吧
想一想崭新的安排吧,想出崭新的口味吧
合宿期间打碎的西瓜数量,你在集训劈开的西瓜数量
合宿中捡到的蝉蜕数量,你在集训捡到蝉的空壳数量
最棒了！,太棒了！
再往上走！,往更高的目标迈进吧！
啊，友情,啊啊，友情
非常有力量！,是强而有力的歌声!
只是为正式演出做准备！,就只等正式上场了!
诶，我的打工…太糟糕了？,欸，我的打工……这么糟吗？
体力劳动！,做苦工!
炒面烹饪！,制作炒面!
对不起吃多了！,暴饮暴食无罪！
只推荐一个就足够了！,只吃推荐菜单就够了!
我明白了！,没问题!
第二天齐声嘶哑,隔天全都破嗓
用饮料来恢复吧！,喝饮料恢复体力吧!
想起那个锻炼的日子！,回想起辛苦锻炼的日子吧!
今天也很好！,你今天的表现也很好
我不会输的！,绝对不能输给她们!
下次一定会顺利的！,下次表现一定会更好!
肚脐也没办法！,沮丧也不是办法!
啊，故乡,啊啊，故乡
也许质量好的鞋子比较好,品质好的运动鞋或许不错
训练文稿似乎不错,训练用教科书或许不错
来，认真比赛！,来吧，认真笔试！
不，由我来代替吧,不，我代替你上吧
尊重她的意志,尊重她的意愿
建议练习中心,劝她练习中央位置的舞步
为了让它变得更加美丽☆,为了变得美丽☆
自己全力去碰撞什么的…？,自己主动全力迎击如何……？
以关西人那样的节奏和气势，之类的…？,像关西人一样顺势而为如何……？
实现愿望的圣诞色,能实现愿望的圣诞节配色
今后也要背负着大家的愿望奔跑！,之后也要背负着大家的愿望奔跑喔!
这件衣服很适合海地呢！,这套决胜服很适合素质喔!
不好吗？,有何不可？
又不是ガラ,我又不适合这种的
刚才看到的可爱的衣服是？,比起这个，你刚刚在看的可爱衣服呢？
一定要！但是朋友可以吗？,拜托你了！但朋友那边没关系吗？
……减肥不甜哦？,……减肥可不甜蜜喔？
不是很好吗~，不是很好吗~,有何不可~有何不可嘛~
不是机器人,并不是改造人
抑扬顿挫地说吧！,讲话注意抑扬顿挫!
花店的一页,在花店的-页
我帮你浇水吧？,我来帮你浇水吧?
我来献花吧？,我来帮你把花搬上架陈列吧?
无需问答的Marvelous☆,不由分说的美丽☆
最近没有力气,最近一直感到很无力
我想拿出更多的干劲来,我想要更有干劲
应该在沙滩上锻炼身体,应该在沙滩锻炼体干
施加精神上的负荷吧,再增加点精神负荷吧
最喜欢新的东西了！,最喜欢新东西！
用茶杯喝吗？,你要用茶杯喝吗 ?
甜瓜苏打是第一次？,你是第一次喝哈密瓜汽水吗 ?
希望优秀素质能健健康康,希望优秀素质身体健康
为了增加漂亮的自然风景的特长,希望优秀素质的特技能增加
……追加训练吧！,……来追加额外训练吧！
我们也全力休息吧,我们也要用尽全力好好休息
因为你很强所以我赢了,你会赢是因为你很强
说下次要以实力取胜,下次要说是靠自己的实力赢的
……大家能玩的游戏什么的？,……像是大家一起玩的游戏之类的 ?
大家一起捉迷藏！,大家一起玩鬼抓人!
映照出的思念,照映出的思绪
不试试看就不知道,不试试看怎么会知道
那么，我去！,那我去帮忙!
借体育馆跑吧！,借体育馆来训练吧!
做晴天娃娃吧！,来做晴天娃娃吧!
经常思考着锻炼吧！,谨慎思考后再进行训练!
以健康为志向，吃饭也很用心！,注重健康，注意饮食!
掌握一个超群的特技！,学会一项傲人的特技!
好开心！贴身采访！,愉快！贴身采访！
我是值得尊敬的理事长,是值得尊敬的理事长
似乎经常暴走,好像常常失控……
象暴风雨一样的帮手,如暴风雨般的救星
首先要研究作战计划,总之要先制订作战计划
真好啊！只有特训！,很好！只有特训一途了！
再自豪一点吧！,你可以更为自己感到骄傲喔！
满足于此吗？,这样你就满足了吗？
和教练员一样的知识,不下于训练员的知识
素质小姐和辛苦了的教练,素质小姐与辛苦的训练员
我真的很喜欢natu的歌,但我是真的喜欢素质的歌声
如果是这个歌声的话，演唱会也很棒呢！,有这副歌喉，演唱会也没问题了呢！
人太多了……,人潮很麻烦呢……
为了不输给潮流加油前进吧,不要输给人潮，努力推挤前进
看清潮流前进吧,看穿人潮的流向再向前进
需要验证、他人介入导致的偶发性,需要验证·他人介入所导致的偶然
跑步法,跑法
在兜风中,揪~四要酷炫兜风
陌生的街道,陌生街道
大街上的劲敌,大街上的强敌
走岔路,走小路吧
全力疾驰,全力冲刺过去
我才不怕呢！,才不怕呢！
两个人跑的话很快就到了,两个人一起跑的话很快就到了
可能会被妖怪埋伏在那里,说不定有鬼正在埋伏喔
微微苦涩的闪闪发光,微微苦涩的闪耀
不如说是开拓了道路,反倒是道路被拓宽了才对
逃跑的路我来准备,我来帮你规划逃跑路线
突然逃走,奔逃的不死三振
我的做法,我的作法
最适合自己的方法！,用适合自己的方式最好！
忍耐后跑步更舒服,忍耐过后再全力奔跑会更爽快喔
啊，素质的话没问题！,是啊，素质一定办得到的
不要掩饰悔恨,别掩饰不甘心的心情
追求，个性！,寻求个性!
和别的马娘商量,要不要去找其他赛马娘商量?
我觉得就这样就可以了,我觉得现在这样就很好了
对不起，但是很担心,抱歉，但我很担心
……我知道了，我相信海神！,……我知道了，我相信素质！
姐姐的做法☆,姐姐的作风☆
丸善斯基是最适合的,丸善斯基很适合这种角色
一开始就跑出去也是大人的工作,身先士卒也是大人该做的事
知道了，干吧,我知道了，那就跑吧
算了吧,还是先不要吧
丸善斯基说“喜欢”,丸善斯基・畅谈「喜欢」
谁也追不上的速度,无人可及的速度
无论何时都能露出从容的笑容,任何时候都游刃有余的笑容
互相支持的秘诀,互相扶持的秘诀
为了能得到更多的依赖，我也会努力的,我也会努力，让你感到更可靠
我也被你支持着,你也是我的支柱喔
充满回忆的味道的狂热☆,用回忆的味道热力四射☆
卡路里没问题吗？,卡路里没问题吗 ?
全力去吧！,大吃特吃吧!
不是不好的比赛,你跑得不差
加油吧！,拿出干劲吧！
想提高原味的速度！,想提升你特有的速度感!
想彻底管理身体状况！,想彻底做好你的健康管理!
想增加擅长的奔跑！,想增加你擅长的跑法!
哪怕是一点点也要靠近,就算稍微接近也好
希西亚玛姐姐奋斗记～追逼篇～,菱亚姐姐奋斗记 ~追到天涯海角篇~
以气魄压倒对手,用气魄压制对手
从大外侧进攻看看,大幅绕到外侧进攻
黑女友，一起玩吧♪,嘿那边的小姐，一起玩玩吧♪
也有悠闲地回到学校的方法,慢慢走回学园也是一种选择
我觉得稍微玩一下也可以,我觉得稍微玩一下也没关系
憧憬的……,我向往的……
非常有大人的感觉,感觉非常成熟喔
嗯……,这个嘛……
温暖爱情便当,温暖的爱心便当
可爱的菜,配菜很可爱
似乎有营养,看起来很有营养
永远在心中舞台上☆,心中常有舞台☆
学习也不要偷工减料,念书也别偷懒喔
向着梦想加油！,朝着梦想努力吧!
去后辈那里,你先去找后辈们吧
想办法改一下吧,我来设法修修看
开超级车兜风！,开超跑兜风!
挑战到极限吧！,继续挑战，直到极限吧！
是平衡的训练吧,大概是各方面都均衡地训练吧
磨练擅长的武器吧,应该是磨练自己的长处吧
期待下次！,期待你下次的表现!
沮丧也不是办法!,沮丧也无济于事!
街上的流行趋势制造商♪,街头的潮流推手♪
做磨练品位的特训吧,进行提升品味的特训吧
对自己有信心,你要对自己有自信
摆出高高在上的架势！,表情不错!
那么可以把胡萝卜分开吗？,那么，可以把胡萝卜分给我吗？
家务技巧也交给我吧！,家事的技术也难不倒我幄
从以前开始就很可靠呢,你从以前就很可靠呢
一个人生活不是很辛苦吗？,一个人生活不会很辛苦吗 ?
跳舞很精彩！,深爰跳舞!
技术力量！,技术能力!
表现力！,表现能力!
安〜心笹针师，参☆上,安心~竹针师登☆场
瞄准成为强马娘的秘孔,能变成强大赛马娘的秘密穴位
瞄准在比赛中获胜的秘诀,能在竞赛获胜的秘密穴位
瞄准健康的秘诀,能变得活力又健康的秘密穴位
瞄准提高魅力的秘孔,能提升魅力的秘密穴位
有些不安所以还是算了吧,觉得不安，还是算了
不太明白啊,我不太清楚耶
好怀念啊,真令人怀念
还可以！,你还能更好！
瘦肉料理！,Let's料理！
两三下就能煮好的料很多的汤！,快速完成的料多味美汤!
慢慢煮的料理！,花时间慢慢熬煮的料理!
帅哥必胜法！,又酷又炫的必胜法!
体力胜负的A计划！,以体力决胜的A计划!
诡计多端的B计划！,以智慧取胜的B计划!
恶作剧是有计划的,恶作剧要有计划性
想着富士山的奇迹吧！,你这其实也是为了富土奇石着想，对吧！
最好老实道歉,老实地道歉比较好吧
为了达到高处,为了达到巅峰
锻炼耐力和毅力,锻炼持久力和意志力
有意识地开始冲刺,多注重起跑冲刺
美丽地绽放吧♪,要开美美的花喔♪
分门别类谋求效率化！,那我们分头进行提高效率吧!
快往喷壶里倒水！,那我赶快用喷壶装水过来!
热情的二人,热情的两人
我还想听更多的话！,我想再听你多说一点!
那么，因为有工作，差不多该…,我还有工作要做，所以差不多该……
《200亿的女人～危险的专职主妇～》,《200亿的女人～危险的全职主妇～》
《一条白球飞向天空——热血棒球部的故事！》,《独爱白球飞向蓝天--热血棒球社物语！》
相遇是时尚☆,最时髦的相遇方式☆
嗯，就这样！,不管了，就演吧！
好好珍惜两个人的故事吧,好好珍惜那两人的故事吧
那个也好这个也好，都很烦恼！,这个也好那个也不错，真烦恼!
应该吃好吃的东西,应该要去吃点好吃的东西
想到的地方全部去吧！,有想做什么就都去做吧!
代替他教你很厉害的咒语吧,教你一个厉害的咒语当补偿吧
再去寻找麻雀吧,我们再去找麻雀吧
在拐角处要小心！,我会多注意转角处！
最好不要在这里全力以赴,那还是别把全力用在这会比较好喔
快去吧,快去赴约吧
以西城为目标,锁定「城市景点」
根据这张地图，现在所在地和目的地是……,从这张地图来看，目前位置跟目的地是……
可以使用导航应用程序哦,可以用导航软体啊
回忆中的荞麦面,回忆起来软呼呼，碗子荞麦面
比如说什么？,举例来说是什么东西呢?
变得想吃鳄鱼荞麦面了呢,我开始想吃碗子荞麦面了
奇迹☆逃避,Miracle☆Escape！
接受补习吧,乖乖上课后辅导吧
跑吧跑吧！,逃跑吧！
好好休息,让她充分休息
让他加油,要她加油
稍微休息一下吧,就算是轻伤也要好好休息
不愧是年轻人！回到训练吧！,不愧是年轻人，我们回去训练吧！
利用战略☆,使用时务必要有战略性☆
同意圣战天空,同意青云天空
传达被欺骗了,说这是在模糊焦点
马苏嫉妒,肌肉警报
积累起来的真相,日积月累的真正实力
让我看看你的力量吧！,让大家看看你的实力吧！
把雨吹跑吧！,把雨全部甩开吧！
热爱,热爱某样东西爱到不行
吹牛皮,摊开大布条
有大局观,培养观察大局的能力
七上八下的水族馆,心跳加速水族馆
喝点凉的吧,喝点冰凉的饮料吧
集中在水槽里吧,专心看水槽吧
少说废话,不要说多余的话
肌肉休息日,肌肉的休息日
要一半吗？,要我帮你吃一半吗?
自己拿的话必须要吃,既然自己盛了就要吃完
真正的清爽,真正的爽朗
不是表演而是展示真的,不用演技，展现出真实的自己呢？
试着展示更多的跃动感,再多表现出一些跃动感呢？
恭喜！,恭喜你!
本申请的发现,找出宿愿
赤马！,Let's muscle！
可能是因为想休息所以在喊……！,或许是在喊着想休息……！
周围人看来的胜负服装,我在旁人眼中的决胜服打扮
魅力是一种积累,魅力其实是累积出来的
你是我十分憧憬的存在,你已经是个令人崇拜的存在了
以防万一，今天就休息吧,保险起见，今天就休息吧
振作精神吧,你要小心点喔
跑得很有力,你跑得很强劲有力呢
为了不输，要更加锻炼才行！,要更努力锻炼才不会输!
严禁乱来！,严禁逞强!
不要着急，好好治好就好了,不要急，好好接受治疗就行了
病从心开始！,病由心生!
啊，想要守护……！,啊啊，想守护……！
一脸严肃的修行中的表情,你的表情像在进行严厉的修行
也有有趣的一面呢,你也有有趣的一面啊
小马少女和狼王子,幼驹少女与野狼王子
那我也去看看吧,那我也来看吧
已经差不多开始了吧？,应该差不多要开演了吧?
怎么回答呢……,该如何回答才好……
试着实践一下训练怎么样？,让他们看你实际训练的样子?
不擅长的话就一点点克服吧,不擅长的话就试着慢慢克服吧
刚毅朴实，接近仁,刚毅木讷，近仁
集中在拳头的加速上的是？,专心提升拳头的速度如何?
集中于拳头力量的是？,专心提升拳头的力量如何?
修复损伤部位之前,应该先修理损伤的部位
现在马上升级程序吧！,现在即刻升级系统!
你是最棒的！！,太棒了!
往更高的目标迈进吧！,往更高的目标迈进吧！
去获得必杀技吧！,取得必杀技吧！
好球，看起来很帅,马赫突击感觉好帅
不要乱来,不要太过勉强比较好喔
双割惯犯,双人优惠惯犯
《喂，好烫》,《反击吧！暴食力士》
《JAM・奇迹的弹仓》,《JAM・奇迹弹匣》
命令必须遵守,不可违反命令
从开店前就开始等待吧,在贩卖部要开店前就来待机吧
午休的时候冲刺！,午休一到就立刻冲到贩卖部！
关心也交给我吧♪,要体贴请交给我♪
更加声援,给她更多鼓励
插入饮料,给她饮料
也交给我帮忙吧♪,要帮忙请交给我♪
请告诉我训练的诀窍,告诉我训练的诀窍
不一起训练吗？,要一起训练吗 ?
宝冢纪念之后的关键词②,宝塚纪念结束后关键字②
好厉害,确实超厉害的
在历史上刻上名字的水平很厉害,厉害到可以名留青史
向前走的人,一意往前之人
跑吧,向前跑
谈吧,说出来
不服输的战斗！,不能输的战斗！
抓住人群！,掌握人潮的动向吧!
好好观察对手吧,仔细观察对手吧
但是，首先辛苦了,不过，还是得跟你说一声辛苦了
下次让我们看看“皇帝”的奔跑吧！,下次让大家见识「皇帝」的实力吧!
“贤良方正”要经常做出最好的选择,「贤良方正」，永远能做出最好的选择
“十全健康”心和身体都要珍惜,「身强体健」，爱惜身心
使用各种各样的技能,「百般精通」，学会使用各式各样的技术
那我陪你去吧,那我陪你吧
不要小看我的小敌人,轻敌可是大忌
达到胜利者的练习曲,成为赢家的练习曲
普通地打胜利比较好……,还是做普通的胜利绕场比较好……
真是不错的表演啊,是段还不错的表演呢
阅读少女与魔法少女？,阅读少女和魔法少女?
通过读书来加深知识吧,透过阅读加深知识
首先从肌肉力量提高开始！,总之先从提升肌力开始
皇帝的余暇,皇帝的闲暇
笑话的特训,进行说笑话特训
雨天比赛的研究,进行雨天比赛的研究
“医食同源”饮食注意健康,「医食同源」，透过饮食提升对健康的注重度
成为“全知全能”最强的“皇帝”,「全知全能」，成为最强的「皇帝」
磨练“风流韵事”的洒脱技巧,「风雅知趣」，精进说笑话的能力
清扫志愿者,打扫志工活动
世界名马娘特别展,世界知名赛马娘特别展
笑着的会长想穿衣服,搞笑会长想穿这种衣服
噱头可能太高了,这些笑话可能太高深了
大家都会震惊吧……,大家可能会被吓到吧……
无论何时任何时候,无时无刻心系学园
今天之内给你处理吧,今天先处理宿舍的事吧
我能帮你什么吗,有没有我能够帮忙的地方?
路的尽头，远方的愿望,道路的尽头，远远瞭望
事到如今还为那种事烦恼吗,你都走到这一步了，还烦恼这种事吗？
途中，回头看,途中，口首
写成“经过报告”就可以了,把这当作「进度报告」就好啦
偶尔也想看看被骂的地方～,偶尔看你被骂的样子好像也不错~
捉迷藏，什么！,是鬼抓人喔！
享受悠闲,我会轻松玩的
真的要玩！,我会认真玩的!
交往！,我陪你!
休息也很重要,休息也是很重要的
摩耶的心跳☆试胆！,重炮的紧张刺激☆试瞻游戏！
那个幽灵很遗憾吧,那个幽灵一定很遗憾吧
在玛雅诺他们的后面……,在重炮等人的身后……
摩耶·起飞☆,重炮·起飞☆
各种各样的比赛都要开球！,朝向许多比赛起飞吧！
知道了玛雅诺的原点,我终于知道你的原点了
好嘞好嘞,好棒好棒
不开心吗？,跑得不开心吗?
初次约会,新年首卖约会
节日约会,年菜约会
新年初次参拜的约会,新年参拜约会
成熟模特的秘诀！,成熟模特儿的秘诀!
确实状态很重要啊,维持状态确实很重要
确实速度感很重要啊,保持迅速确实很重要
当然,当然有
接下来才是开始呢!,还不够!
体重没问题……？,体重不要紧吗……？
看起来很有趣！,好像很有趣!
已经被紧紧抓住了哦,你已经抓住我的心了
那是不努力的话,那你可得好好加油了
摩耶酱的比赛讲座☆,重重的竞赛讲座☆
为了不疲倦而增加体力吧！,增强体力避免筋疲力尽!
抓住超越对手的诀窍吧！,掌握超越对手的诀窍!
请就这样健康地,希望她能一直保持健康活力
希望能多多学习得到成长,"希望她能学到许多,成长茁壮"
为了成为出色的大人,希望她能成为出色的大人
无论到哪里,无论到何处
没关系,可以啊
试着全力奔跑,你尽全力跑跑看
跑起来的程度！！,让人想立刻开跑！！
看完了可以借吗？,你看完后可以借我吗 ?
可以给我看一下跑步的参考吗？,可以跑给我看作为参考吗 ?
那样的话……！,既然你这么说了……！
优等生的一石二鸟！！,模范生的一举两得!!
用抹布擦，速度强化！,用抹布擦地板来强化速度!
通过整理资料室，强化力量！,整理资料室来强化力量!
出门后的乐趣♪,外出后的乐趣♪
干脆绕过山车一周！,干脆多搭几趟云霄飞车!
不休息总之要继续乘坐！,不要休息，总之一直搭就对了!
给你建议的权利！,给你建议我的权利 !
讨论近来的根性论,跟她讨论近年来的意志力理论
谈一下准备的时机,跟她讨论进攻时机
意外的应对,应对突发状况的方式
小栗帽大胃王锦标赛,小栗帽的大胃王大赛
尽情战斗吧！,全力以赴地上吧!
希望适当地保存,希望你能有所保留
贪吃不是摆样子的,贪吃鬼不是浪得虚名
吃饭要适量,饮食最好要适量
饿了就没力气！,饿肚子可是会没力气的!
充满了蕾丝和美食,以竞赛与美食饱餐一顿
今天请客啊！,今天我请客!
下次也全力以赴吧,下次也掌出全力好好加油吧
再加上力量吧！,再加强力量吧
不要输给对方！,别输在心理!
寄托的思念,被托付的意志
比起布娃娃,远胜过玩偶
小栗帽是森林里的看板马娘？,小栗帽是森林的导览赛马娘 ?
总是被帮助着,我一直都有受到你的帮助哦
今后也会继续依赖你,之后也要麻烦你帮忙了
在田地里翻修,在田里锻炼
拔掉杂草吧,拔杂草吧
耕地,耕田吧
迷茫的赛马娘,迷路的赛马娘
找遍吧,所有地方都去找一遍吧
去看看物产展吧,去物产展看看吧
我接受了这份觉悟！,我收到你的觉悟了!
不要被别人的步调所打乱,不要被其他人的步调影响
没必要着急,不用着急
我会不惜协助的！,我会全力帮忙的!
我也考虑了追加菜单哦,我有想好额外的练习内容喔
跑步的量固然重要，但质量也很重要,练习的质与量一样重要
享受！第一！,享受第一吧!
你比谁都第一！,你比任何人都适合第一的称号!
以更厉害的1号为目标！,迈向更棒的第一继续努力吧!
对策也不好好研究的话,也得拟定对策呢
休息也是很重要的,休息也很重要喔
好好地取得数据哦,我会好好纪录资料的
比赛很好哦！,是场很精彩的比赛喔
最后关头太天真了,最后关头太大意了呢
一直跳到极限吧,一直跳到极限为止吧
试着更加意识到指尖的表现吧,多留意指尖的动作吧
首先在这里进行营养补给……,先在这里补充营养……
从基础重新锻炼！,重新锻炼基础！
磨练技术吧！,磨练技巧吧！
1号不能错过！,不能放过第一的机会!
现在为了比赛中的“第一”，要忍耐！,为了在比赛拿下「第一」要忍耐！
尽情去吃，再去抓住“第一”吧！,"尽情吃下去,掌握「第一」吧!"
度过假日的方法,度过假日的方式
有种在室内悠闲度日的感觉,在室内悠闲度过吧
有种在户外活动的感觉呢,到户外动动身体吧
错误指示,误导
生野式万全方法,生野式万全的做法
全部一个人做吗？,全都你自己一个人做?
你相当热心啊,你相当投入呢
燃起来了！！,热血沸腾起来了! !
用简单的曲子来减少错误的是？,试着用简单的歌曲减少失误?
挑战激烈的运动取得分数吧！,挑战高难度歌曲赚取分数吧!
全力思考！,全力思考!
虽然很难实现……,感觉很难实现……
出了有趣的方案啊！,提出了很有趣的想法呢！
有力的步子很好,强而有力的舞步很不错
流动般的动作很好,流水般的动作很不错
竞争对手,顶尖的竞争对手
跑得真像啊,你们的跑法真像
同到一个地方,平手呢
但是好好休息吧,但还是乖乖休息吧
真的吗？,真的吗?
怎么办呢,该怎么做
一起同行的是？,陪她一起并行练跑如何?
也许那个左转隐藏着诀窍,诀窍说不定就藏在你的逆时针绕圈之中
好，一起想吧！,好 我们一起想想看吧!
有时也需要粗暴的治疗！,有时候下猛药也是必要的!
期待下次哦！,我很期待你下次的表现!
马上开始训练！,赶快来训练吧!
无法逃避的选择？,逃不掉的选择?
用粘性强的方法！,选耐用的吧！
要赌上力量！,选能展现力道的吧!
左边好像没有黑痣,左边没有黑痣的样子
找到是为了那个孩子,被找到才是为她好
《如果要隐藏树的话就在森林里》……！,正所谓「藏木于林」……！
来自约15亿年前的你好,从约15亿年前说你好
蛋糕！全部吃完！,嘿~嘿嘿！看我把你们都吃掉!
哼，只能再次逃到未来的世界！,呵，那我就再逃到未来的世界!
在夜晚的公园里玩吧,一起在夜晚的公园玩吧
守夜,监视一整晚
跳快乐的舞蹈,跳愉快的舞蹈
（好吃）多管闲事,（好吃的）鸡婆
萝卜泥吃的速度提高！,利用萝萄泥来加快进食步调!
在宿舍举行天妇罗祭！,口宿舍办天妇罗祭典!
托付的故事,被托付的故事
向图书委员确认一下可能比较好,说不定可以询问图书股长
那本书是怎样的故事？,那本书是在讲怎样的故事 ?
タマモ前辈的学园介绍,玉藻前辈的学园介绍
向导是图书室吗？,是要带她去图书室之类的 ?
向导是健身房之类的吗？,是要带她去健身房之类的 ?
肉之空！,朝向肉的天空!
Take care（当心）！,Take care!
Take off（起飞）！,Take off!
夏娃？,Shall He Hug？
不要畏缩，以强硬的态度去拥抱,以毫不畏惧的强硬态度抱起来
更加放松地抱着,以更轻松的态度抱起来
语言是non-non♪用身体说的！,不能用言语♪要用身体来表达！
高歌,高声唱歌
一边纾解压力一边跳舞,用舞蹈抒发压力
摆出满意的姿势,摆出满足的姿势
海德与希克！,Hide and Seek！
逃走吧……,快逃吧……
这时候要忍耐！,忍着不要出去!
一起回去的戴斯！,一起回去吧!
啊，让你无聊了对不起,是啊，抱歉让你觉得无聊了
有口水哦？,你脸上沾到口水啰
只是一小会儿的话,只能再跑一下子
没关系，一定能赢！,不要紧，我一定会让你赢!
红玫瑰！,Let's 巡逻！
随着她,随她高兴
领回去,带她回去
海鞘战斗！,快枪决斗!
自己,是我
放慢速度吧,加强她的速度
休息的时候好好休息吧,休息时就该好好休息
不断地锻炼武器吧,加紧锻炼她的武器
我的运气……,我的运势……
我想就这样等就行了,就等她自己跑回来吧
大声叫吧！,大声呼唤她吧!
日本加油！,Burger in Japan！
Burger in Japan！,Burger in Japan!
一起去吧,我们一起去吧
外带吧,我们外带吧
有不能输的战斗,一场不能轮的战斗
难道不是对食物的执念吗,应该是对食物的执著吧
歌女魂吧,大概是牛仔女孩的灵魂吧
那就做海的训练吧,不然我们来做海中训练吧
快点结束训练吧！,我们赶快完成训练吧
雷尼力量！,Rainy Powerful！
这样的话就用力……！,既然这样就靠蛮力……！
那就跑到车站吧！,那我们赛跑到车站!
祝你身体健康,我希望大树能身体健康
希望大进能不断成长,我希望能让大树不断成长茁壮
希望泰克的跑得更好,我希望大树的跑法能够更进步
一起跳到极限吧！,我会陪你跳到撑不住为止!
首先请告诉我编舞,希望你先教我舞步
收获节！,收获Festival！
比赛吧！,我们来比赛吧!
给你示范一下,我来示范给你看
和重要的人一起！,跟最重规的人一起!
螃蟹要持之以恒！,吃螃蟹考验的是耐性!
用工具麻利地能行,用工具一下就搞定了
很棒♪练习日,很棒的♪练习好日子
和谁一起跑的话会更开心,和他人一起跑会更开心
练习应该认真,练习就该认真进行
快乐地练习很重要,开心练习是很重要的
去中山庆典那里问一问吧！,去问中山尘典 ?
去中山赛马场就能明白了吧？,去中山赛场就会知道 ?
明天我会赢的！,明天赢的人是我!
你总是这么早吗？,你都这么早来学园吗 ?
第二个也够了不起的,第二个到已经很棒了
是成为范本的跑！,简直是模范的跑法!
还差得远呢！喝！,还不够!喝!
朝着明天暴进吧！,朝明天暴进就对了!
现在等羽化的时候，休息一下吧,现在是等待羽化之时，先休息吧
反过来想做什么？,那我问你，你想做什么?
背，追逐,追逐背影
文莱也很年轻啊~,素质也好青春啊~
我也鼓足干劲了,我也感觉充满干劲了
（和喵一起）不是ガラ,（喵喵什么的）并不适合我
告诉她被治愈也很重要,告诉她被疗愈也是很重要的
告诉你如何进入克里巴,告诉她巧妙入店的方法
在森林里把圆木举起！,在森林里用圆木练举重!
在海里游到极限！！,在海里游到力竭!!
回忆三叶草,回忆的四叶草
最后一个环节,最后的弯道
成为超级健康的优良儿童,成为超级健康好赛赛
做一个超模的马娘,成为超级模范赛马娘
拥有超速以外的武器,拥有超快速度以外的强项
暗黑爆进！,枕草子暴进!
表扬催促学习,称赞她，提升学习动力
设置复习的机会,帮她找机会复习
失败不是坏事,失败不是一件坏事
班级委员长好好地！,班长，振作点！
优雅吗！暴进吗！,潇洒派！还是暴进派！
细细品味一个，优雅派,细细品味单一点心的潇洒派
吃很多，暴进派,大吃一顿的暴进派!
恋爱是暴进！,恋爱暴进！
找到重要的人之类的？,找到很重视的对象之类的 ?
对不起，我也不太清楚,抱歉，我也不太清楚
那样的话，就好像是正式演出一般的特训了！,这样感觉能成为等同正式表演的特训喔！
没关系，我会以不输的气势打电话给你的！,别担心，我会以不输人的气势去打call的！
知道了，干吧！,我知道了，来做吧!
一流的话，退场的时候也要好好珍惜,既然是一流，该知道见好就收
甜党的诱惑,甜食派的话惑
是不是糖分摄取过多了？,不会糖分摄取过量吗 ?
大家都很喜欢我啊！,大家都跟你很要好呢！
不愧是一流,真不愧是一流!
还差得远呢！,还早呢！
首先是正月不胖的马丫头,先让你成为新年不发胖的赛马娘
对能好好休息的马娘,让你成为懂得重视休息的赛马娘
被大家所喜爱的马娘,让你成为受大家爰戴的赛马娘
那才是国王！！,这才是帝王! !
下一个才是最适合一流的结果,下次一定要跑出堪称一流的成果
不是可爱的后辈吗,这不是个很可爰的后辈吗
你有没有做好陪地狱之声的觉悟……？,你有配合地狱打call的决心吗你有配合地狱打call的决心吗……？
电影充满了学习,电影充满着学问喔
在恐怖电影中增强胆量之类的,看恐怖片培养胆量
通过连续剧学习壮大的人类模样,看连续剧学习宏大的人性纠葛
放学后汽水,放学后的柠檬苏打
也听听特别周的意见吧！,也问问特别周的意见吧！
就在天空之城说的右边吧！,选青云天空说的右边吧！
端上热茶,递出热茶
把上衣借给别人,借她外套
心跳鞋,心跳加速运勤鞋
轻便快跑的鞋,轻巧而能快速奔跑的运动鞋
虽然很重但似乎能锻炼的鞋子,沉重却适合用来锻炼的运动鞋
特急利美元航班？,谜题特急件?
难道是平底锅？,该不会是frying pan？
不是面包吗？,应该不是bread吧？
好好休息吧,好好休息
禁止漫画！,不准看漫画!
这点程度没什么大不了的！,这点小事没问题的!
要胶带吗？,我帮你缠运动贴布吧?
以防万一先去保健室吧！,保险起见还是去趟保健室吧!
可靠的帮手登场！,可靠的帮手，登场!
很受欢迎啊,你真受欢迎
作为教练很自豪！,作为你的训练员，我感到很骄傲!
全力发挥热情！,全力发挥热情!
即使那样说……,就算你这么说……
那就尽情地享受吧,那就让我好好享受吧
偶像的小小粉丝们,赛马娘偶像的小粉丝们
我想是肌肉锻炼！,就当作是在重训！
笑容很可爱！,面带笑容可爰地跳吧！
肌肉锻炼已经足够了吗……？,重训已经做够多了吧……
需要验证、睡眠时间和工作效率,需要验证睡眠时间与作业效率
真是强大啊,真是有活力啊
你在埋头写很难的论文啊,你在写很困难的论文啊
希西亚玛姐姐奋斗记～问题儿童篇～,菱亚姐姐奋斗记问题儿童篇
夹击抓住吧,包夹怎么样 ?
引导到运动场吧,把她诱导到操场上吧
实况录音的话CORES是我的命☆,演唱会的灵魂在于粉丝互动☆
法尔·子～～～！,飞.飞~~~!
有点害羞……,有点难为情
